id,name,album,artist,genre
6Rkp6fEsvOTR7YxsW5uNyR,My Friend the Forest,Tripping with Nils Frahm,Nils Frahm,"compositional ambient, electronica, neo-classical, neoclassical darkwave"
7kxnqBmbFilmSlYdDB6aBz,Moving Men - Bob Sinclar Remix,Moving Men (Bob Sinclar Remix),Myd,"filter house, french indie pop, french indietronica, new french touch"
11ajcVj3qSyyMPUpTJUP3y,Protect The Land,Protect The Land / Genocidal Humanoidz,System Of A Down,"alternative metal, nu metal, rap metal, rock"
1hM3r9AKtL3XZwPqRHcCMG,Entre Mis Brazos,Los Bunkers,Los Bunkers,"chilean rock, concepcion indie, latin alternative, latin rock, nueva cancion, rock en espanol"
05QhG4JOkDSPh4OsUCAUvM,Sentada Aqui En Mi Alma,Sincero,Chayanne,"latin, latin pop, puerto rican pop, tropical"
1nIw3ohgilArczHubneGxD,Black Lungs,Black Lungs,Architects,"mathcore, melodic metalcore, metalcore, progressive metalcore, uk metalcore"
7iD8k5hk28FNdKbmVgKW5F,Billiards,Falling into Place,Home,future funk
3M3N9Br6OACiu9fDtXUhbt,I See You,Falling into Place,Home,future funk
3tjwjBfPO1pyjhnrI0J5Nq,Head First,Falling into Place,Home,future funk
6JRs48NLr0rCaMfQ7y3JDI,pink cloud days,sunshine girl,A.L.I.S.O.N,vaporwave
5BZzijsICP2m6UF1FsSSnj,Polaris,Umbra,Downtown Binary,no information
7nznhnPhlVij942eItRg7k,All at Once,100k Compilation,Various Artists,no information
2EGBaThHoA6PUAjktFIBRy,Descent,Obsolete [Special Edition],Fear Factory,"alternative metal, groove metal, industrial metal, industrial rock, metal, nu metal, rap metal, rap rock"
2RTZo39j5ior0hY1GNExXK,Discard Your Fear,"Love, Fear and the Time Machine",Riverside,"art rock, neo-progressive, polish prog, prog metal, progressive metal, progressive rock, symphonic rock"
1ujbcTZIj5MSTFZZTgxX2Y,Agoraphobia,Microcastle,Deerhunter,"alternative dance, alternative rock, art pop, atlanta indie, chamber psych, chillwave, dance-punk, dream pop, electronica, experimental rock, freak folk, garage psych, indie pop, indie rock, lo-fi, modern alternative rock, modern rock, neo-psychedelic, new rave, noise pop, noise rock, nu gaze, shoegaze"
7A0wEdMT7iL7j3C3CcYjt6,Cosey Mo,More Constant Than the Gods,SubRosa,"drone metal, gaian doom, post-doom metal, post-metal, psychedelic doom, utah metal"
47EiUVwUp4C9fGccaPuUCS,Dakiti,Dakiti,Bad Bunny,"latin, reggaeton, trap latino"
7yrW1KouUn1Wjjk0DTkFXP,PERSONAL SHOPPER,12 THINGS I FORGOT,Steven Wilson,"alternative metal, art rock, progressive metal, progressive rock, symphonic rock"
5NG2IZs9fvsm2SlPnzRBNM,12 THINGS I FORGOT,12 THINGS I FORGOT,Steven Wilson,"alternative metal, art rock, progressive metal, progressive rock, symphonic rock"
0Sr9uJqXFAvqHcgwg3UjY5,Slide Away - 2016 Remastered,A Storm In Heaven (2016 Remastered / Deluxe),The Verve,"alternative rock, britpop, modern rock, permanent wave, pop rock, rock, shoegaze"
5JspPZ5QoUxVmhefk0UVgB,Nosebleed,Adrenaline,Deftones,"alternative metal, alternative rock, nu metal, rap metal, rock, sacramento indie"
3FWR4iiUUPHIK7OpiEgh8J,Lost Ones,Cole World: The Sideline Story,J. Cole,"conscious hip hop, hip hop, north carolina hip hop, rap"
0eneujAc4PxkdjP25Gsue1,False Prophets,False Prophets,J. Cole,"conscious hip hop, hip hop, north carolina hip hop, rap"
6sZv0ECT8cEW3oZtoCuVg4,Lights Please,Cole World: The Sideline Story,J. Cole,"conscious hip hop, hip hop, north carolina hip hop, rap"
0d0GGqspmqz8zcA5qMUlYq,South Winds,Arktis.,Ihsahn,"black metal, jazz metal, metal, norwegian metal, post-metal, progressive metal"
2dvlcmvEXaXvPr8Vak368O,Lines In Sand,Porcelain,Sparta,"el paso indie, emo, emo punk, midwest emo, post-hardcore, screamo"
63BcfK6YAzJYeISaTPr6IO,Big Poppa - 2007 Remaster,Greatest Hits,The Notorious B.I.G.,"east coast hip hop, gangster rap, hardcore hip hop, hip hop, rap"
0b4TKuvZ4eJ8eHgJgXaCnN,Two-Way Mirror,I Let It in and It Took Everything,Loathe,"nu-metalcore, progressive metalcore, uk metalcore"
0ZfpA3Tq0OWlxpowofOlH9,Aggressive Evolution,I Let It in and It Took Everything,Loathe,"nu-metalcore, progressive metalcore, uk metalcore"
6vizvvoC227kBMQzBqNJyz,Multiverse,Triptych Continuum,Quicksand,"alternative metal, alternative pop, emo, emo punk, grunge, hardcore, melodic hardcore, nyhc, post-hardcore"
0Bv2ixOjn8jKiVTQXE9mF8,Fazer,Slip,Quicksand,"alternative metal, alternative pop, emo, emo punk, grunge, hardcore, melodic hardcore, nyhc, post-hardcore"
0LBmvPJYmtEJ7kkWvc3kbT,Oceans,Ten,Pearl Jam,"alternative rock, grunge, permanent wave, pop rock, rock"
4OmlsAT8r4q9vPFBvfYgyZ,Is It Really You?,I Let It in and It Took Everything,Loathe,"nu-metalcore, progressive metalcore, uk metalcore"
0yzjqS9Ya9tE0QAYizgpNe,Ataraxia,Team Sleep (U.S. Release),Team Sleep,"alternative metal, nu metal, sacramento indie"
4ZOmgxC7Uf3YrjeDrSWytk,Forever And Ever,Demis Roussos - Greatest Hits (1971 - 1980),Demis Roussos,"classic uk pop, europop"
52p8lRbIrKYjzwDMXgBVFO,History - Remastered 2016,A Northern Soul (2016 Remastered / Deluxe),The Verve,"alternative rock, britpop, modern rock, permanent wave, pop rock, rock, shoegaze"
3HNxoXFuROBwYFRURGR1lc,Surprised by the Joy,Natural Rebel (Deluxe),Richard Ashcroft,"britpop, pop rock"
2GVFckJhpPtsCKhf6VHyhy,They Don't Own Me,These People,Richard Ashcroft,"britpop, pop rock"
0Q7Ze4hUXsnUl4ZTIvsj4q,Volver a Nacer,Desde Siempre,Chayanne,"latin, latin pop, puerto rican pop, tropical"
5bVCHIQgZ4Jcr6DFmnYqRo,Tu Respiración,En Todo Estaré (Deluxe Edition),Chayanne,"latin, latin pop, puerto rican pop, tropical"
5Z8lZ3FhHDMF85kZXXGhFZ,Si Nos Quedara Poco Tiempo,Mi Tiempo (Deluxe Edition),Chayanne,"latin, latin pop, puerto rican pop, tropical"
6CAkOgO0W91mbPqrButSgz,Reaching Home,Dualism,Textures,"djent, dutch metal"
0NqRR0qj7b7aZ6rW9uXQwh,Standing On the Edge Of The Noise,"Different Gear, Still Speeding",Beady Eye,britpop
6gUQLhO6mqCTxw3GcplUhL,Bodom Beach Terror,Hate Crew Deathroll,Children Of Bodom,"alternative metal, finnish death metal, finnish metal, melodic death metal, metal, power metal"
4aL15aDa545Dc8E313rIEb,Quisiera Ser,Grandes Exitos,Chayanne,"latin, latin pop, puerto rican pop, tropical"
6l1glf9uCx1lARUFMDYZ1d,Continuación,Sesiones De Cuarentena,INSITE,"baja indie, latin rock, latincore, mexican indie, mexican pop punk, mexican rock"
3pv4omYruIU4D2JExkShzl,Tan Fácil,Viejas & Nuevas Tragedias,Sin Perdón,"latincore, punk chileno, punk melodico chileno"
1fOkePiratk9GcIDSSg8U0,Dark Star,Hover,the sleepover disaster,"indie shoegaze, nu gaze, shoegaze"
0kX6e2QvBjZG3qWP5NGjkS,Goodbye,Army of Anyone,Army of Anyone,no information
7j31rVgGX9Q2blT92VBEA0,Teenagers,The Black Parade,My Chemical Romance,"emo, modern rock, pop punk, rock"
4ceTCJPLBQBOogseivMuhL,Ancestral,Hand Cannot Erase,Steven Wilson,"alternative metal, art rock, progressive metal, progressive rock, symphonic rock"
6bHiGzAT6lxyWRBXd6lVRF,Song Of Unborn,To The Bone,Steven Wilson,"alternative metal, art rock, progressive metal, progressive rock, symphonic rock"
5ZcxDZkfflzvZ5nJPyzXZs,Detonation,To The Bone,Steven Wilson,"alternative metal, art rock, progressive metal, progressive rock, symphonic rock"
1tzCbOeyoKtCNkynz4HmQk,Permanating,To The Bone,Steven Wilson,"alternative metal, art rock, progressive metal, progressive rock, symphonic rock"
7CcaktZZsdb8AWPdhDM38f,Pariah,To The Bone,Steven Wilson,"alternative metal, art rock, progressive metal, progressive rock, symphonic rock"
5xhQOnyRJfRywbEwpkgoTy,Wake Up,Above (Deluxe Edition),Mad Season,"alternative metal, alternative rock, blues rock, grunge, rock, supergroup"
6HzrQKBKqRW2woOe3GFN8A,"Fraternity - Live at BBC Radio 1, Glasgow, Scotland - November 1999",00999925,Foo Fighters,"alternative metal, alternative rock, modern rock, permanent wave, post-grunge, rock"
1Z9Hyj8nmPFjGDZ5O3Mnae,Continuum,Continuum,Eagle Eyed Tiger,no information
2m84NJlwnUIZLJwd7EqR71,Visions,Azur,Krosia,no information
7wrBlgNqYBAC5yFfO4fnYb,Don't Close Your Eyes,Blow My Fuse,Kix,"album rock, glam metal, hard rock, metal, sleaze rock"
1KxNmUInjFsoDFrLaTtpLZ,Something About You,Boston,Boston,"album rock, art rock, classic rock, country rock, hard rock, mellow gold, rock, soft rock"
0870QNicMawQH2cnzBVZ3P,Hitch a Ride,Boston,Boston,"album rock, art rock, classic rock, country rock, hard rock, mellow gold, rock, soft rock"
5E89Izp4YhPyNShoxiOJ1u,Rock & Roll Band,Boston,Boston,"album rock, art rock, classic rock, country rock, hard rock, mellow gold, rock, soft rock"
1gdgs97vzNMxST1IATH9xk,4D,Alien,Northlane,"australian metalcore, deep melodic metalcore, djent, melodic metalcore, metalcore, nu-metalcore, progressive metalcore"
6gM11PV8nD5aftCB6aMR1x,JUNKIE$,Flip Phone Fantasy,Ocean Grove,"australian metalcore, australian post-hardcore, nu-metalcore"
5pqDkgqNrZEIckTOz0LRmq,Lapochka,Noctourniquet,The Mars Volta,"alternative metal, el paso indie, modern rock, rock"
63JE1xclq1I0C0WlOEGpYH,Shallow Water,Shallow Water,Wild Nothing,"alternative dance, chillwave, dream pop, indie pop, indie rock, indie surf, modern dream pop, nu gaze, shimmer pop, shoegaze"
1VRBTL4mQ3dOEwEyiEaJ6P,There’s a Girl in the Corner,Nobody Wants to Be Here and Nobody Wants to Leave,The Twilight Sad,"melancholia, nu gaze, scottish indie, scottish rock, shoegaze"
0VmOikTDsGhVZv2rHGhC6D,Conjugal Burns,The Bedlam in Goliath,The Mars Volta,"alternative metal, el paso indie, modern rock, rock"
1Wf3e2gbo8pSAdxAMKUcOr,Melpomene,Zitilites,Kashmir,"danish alternative rock, danish rock"
3iMq9V0Ece9ubjWAYVcMwj,Interzone - 2007 Remaster,Unknown Pleasures (Collector's Edition),Joy Division,"alternative rock, art rock, dance rock, madchester, new wave, post-punk, rock, uk post-punk"
2pajYwitfIBfNUZwag6NEt,Bloody Kisses (A Death in the Family),Bloody Kisses,Type O Negative,"alternative metal, gothic metal, hard rock, industrial metal, industrial rock, metal, nu metal, rock"
2tNx0sauNCGfpniMNu9hEh,I Don't Wanna Be Me,I Don't Wanna Be Me,Trivium,"alternative metal, groove metal, melodic metalcore, melodic thrash, metal, metalcore, nu metal"
3xuOmbJpeVFsMY7dh0Pc3e,Paramount,Guardians,August Burns Red,"christian metal, christian metalcore, melodic metalcore, metalcore, screamo"
6u9aD8ovEo4SJY76litOCd,House Of Gold,In Our Wake,Atreyu,"alternative metal, melodic metalcore, metalcore, nu metal, pop punk, rap rock, screamo"
2Y4lgpOT0sPU1TiTmsbpZh,Save Us,Save Us,Atreyu,"alternative metal, melodic metalcore, metalcore, nu metal, pop punk, rap rock, screamo"
2nPNzYZWUWfNCyHLeDCvmg,"Please, Please, Please Let Me Get What I Want (Bonus Track)",Face to Face (Remastered),Face To Face,"melodic hardcore, punk, ska punk, skate punk"
4WZwp4cVekWU295pb3PhSy,Take It Back,Face to Face (Remastered),Face To Face,"melodic hardcore, punk, ska punk, skate punk"
7BUyt4VZJ9oYGYVWNtwfwd,Trouble’s Coming,Trouble’s Coming (Purple Disco Machine Remix),Royal Blood,"alternative rock, brighton indie, garage rock, modern alternative rock, modern blues rock, modern hard rock, modern rock, rock"
70F8RmOqNX3B1IvTgyws3A,Paralytic,Vices,Dead Poetic,"christian metal, dreamo, post-hardcore, screamo"
6Y185DCfJ2mCI7aU65WdJl,Glow,Aurora,Slow Crush,"belgian indie rock, belgian post-rock, nu gaze"
50iBJRkGjjht3RiwD0VqLA,Another Space Song,Fantastic Planet,Failure,"alternative metal, alternative rock, grunge, post-hardcore"
6DMs043szjqp4U6k8igzCq,Thholyghst,✝✝✝ (Crosses),✝✝✝ (Crosses),"alternative metal, electronic rock"
2ZKK82kufztvFS3ZHWUrVq,When The Dreams Run Dry,Imploding The Mirage,The Killers,"modern rock, permanent wave, rock"
4uXDWsoGZXd39QP47NkGm5,Sleep On The Floor,Cleopatra (Deluxe),The Lumineers,"folk-pop, modern rock, stomp and holler"
3HNTLCpAGnizbyJmk7466r,Never Let Me Go,Ceremonials (Original Deluxe Version),Florence + The Machine,"baroque pop, pop, uk alternative pop"
6LU15UdRHvUnHW8OyEbxy3,No Sound but the Wind,Violence,Editors,"alternative dance, dance-punk, indie rock, modern rock, new rave, rock"
6vSY2O8TWgHP0oLPn5WhbH,Phoenix Rising,Set The World On Fire,Annihilator,"canadian metal, death metal, hard rock, metal, neo classical metal, old school thrash, power metal, rock, speed metal, technical groove metal, thrash metal"
4GuImyMa7CK3KkBGZN7QJj,Delusional,Delusional,BBS Paranoicos,"chilean hardcore, chilean rock, latincore, punk chileno, punk melodico chileno"
4YJlOOQ8l985zzb7KRaalD,El Sonido Se Agotó,Delusional,BBS Paranoicos,"chilean hardcore, chilean rock, latincore, punk chileno, punk melodico chileno"
2XIchtG6ZwS2QtWSghPtgT,Mis Demonios,Delusional,BBS Paranoicos,"chilean hardcore, chilean rock, latincore, punk chileno, punk melodico chileno"
7K9jakIwJqcEhUuslAvnkb,Un Clavo Menos,Bola Extra,Bonzo,"chilean metal, chilean rock, punk melodico chileno"
5mJyBzU8Rn3bpopAFtrPZX,Tilt!,Bola Extra,Bonzo,"chilean metal, chilean rock, punk melodico chileno"
2QvkkaSHFd3oHtM8KeWVNb,Escupí la Verdad,Bola Extra,Bonzo,"chilean metal, chilean rock, punk melodico chileno"
7xGfgYgr8s4XL7d6aLaQ3T,Golpe De Suerte,Turistas En El Paraíso,Inmigrantes,argentine alternative rock
7t5d2cYmcHYtswnSV0z8ie,Too Much Change,All Visible Objects,Moby,"downtempo, electronica"
7kT68GEEZ7o9W9dGz9zwl7,Tecie,All Visible Objects,Moby,"downtempo, electronica"
0covjwk535eie22wUQaOtH,All Visible Objects,All Visible Objects,Moby,"downtempo, electronica"
1Td7TGT1XtK2ojUjz1mGUV,Animals,Animals,Architects,"mathcore, melodic metalcore, metalcore, progressive metalcore, uk metalcore"
7o728Qvpn6Jc6cy6Z49LAO,Dusk,Dusk,System,no information
3aVyHFxRkf8lSjhWdJ68AW,Just Another Girl,Direct Hits,The Killers,"modern rock, permanent wave, rock"
2aZ2Co4NeQRsqWcU930zHT,Shot At The Night,Direct Hits,The Killers,"modern rock, permanent wave, rock"
3uZ2b2UyUqcTzSF0QR47aO,Sumarið sem aldrei kom,Shiver,Jónsi,"compositional ambient, icelandic pop, post-rock"
3XupqAQAoYnYVV8hBkTZ7G,Cannibal (with Elizabeth Fraser),Shiver,Jónsi,"compositional ambient, icelandic pop, post-rock"
2CuHYLGbHlamZLFMnR3hPP,Exhale,Shiver,Jónsi,"compositional ambient, icelandic pop, post-rock"
3lB0GMiI5KxDbTOG8V3bOx,waves - Tame Impala Remix,Rogue Waves,Miguel,"dance pop, hip hop, pop, r&b, urban contemporary"
64CGqiZ47yHjA1haK5ZbTx,Nocturnal,Nocturnal,The Midnight,"nightrun, popwave"
6P74cWuc5hPhCZB5yuSZsH,Minha galera,Clandestino,Manu Chao,"latin alternative, world"
1uqGSvSc207Zlgi4sGr9RQ,Time Stand Still,Hold Your Fire,Rush,"album rock, art rock, canadian metal, classic canadian rock, classic rock, hard rock, metal, progressive rock, rock"
7os53rdrgA0OU6xC5xJruX,concert for aliens,Tickets To My Downfall,Machine Gun Kelly,"ohio hip hop, pop rap"
1PSBzsahR2AKwLJgx8ehBj,Bad Things (with Camila Cabello),bloom,Machine Gun Kelly,"ohio hip hop, pop rap"
5WhRD87Q9qx388WdiIdQ0b,Pittura Infamante,Gore,Deftones,"alternative metal, alternative rock, nu metal, rap metal, rock, sacramento indie"
1Q0sk7b7PAGjgC3R5zyuWt,Pitseleh,XO,Elliott Smith,"alternative rock, indie folk, indie pop, indie rock, melancholia, singer-songwriter"
4xfAVJL8R7mVYbDk8a9xOY,Somebody That I Used To Know,Figure 8,Elliott Smith,"alternative rock, indie folk, indie pop, indie rock, melancholia, singer-songwriter"
2cP37n7TZEe0oBxCbZu0KA,New Slang,"Oh, Inverted World",The Shins,"albuquerque indie, alternative rock, indie folk, indie pop, indie rock, modern rock, portland indie, rock, stomp and holler"
7x46YkKAwp3yZpaa72n5Mu,Stubborn Love,The Lumineers (Deluxe Edition),The Lumineers,"folk-pop, modern rock, stomp and holler"
7yNsSWHrCAFGew4mLpjDrZ,Reckoning,Killswitch Engage (Special Edition),Killswitch Engage,"alternative metal, boston metal, melodic metalcore, metalcore, nu metal"
5M4V45fWkpBq9ELxkG7Tnz,The Element of One,Alive or Just Breathing (Topshelf Edition),Killswitch Engage,"alternative metal, boston metal, melodic metalcore, metalcore, nu metal"
4K3x7FJ5PU3k10yTq14bCs,Lost,Killswitch Engage,Killswitch Engage,"alternative metal, boston metal, melodic metalcore, metalcore, nu metal"
3kDWlqhPyV2qy66j6z5SNp,Preaching The End Of The World,Euphoria Morning,Chris Cornell,"alternative metal, alternative rock, rock"
6IyWD0fAwt05ee3emHHXkn,Nowhere Now,To The Bone,Steven Wilson,"alternative metal, art rock, progressive metal, progressive rock, symphonic rock"
6i4pBJSyflRT0lMLetarTt,Decades,Decades,Skjalg A. Skagen,no information
1Fp2GPYYVnKIavZ3SdWt97,Must Kill,Inflikted (Special Edition),Cavalera Conspiracy,"alternative metal, death metal, groove metal, metal, nu metal"
01iiEi9h8CQGUN2K1xBbTj,List Of People (To Try And Forget About),Currents B-Sides & Remixes,Tame Impala,"australian psych, neo-psychedelic"
6KlX8VFX00McAJyRYSoYEc,Feel Real,Life After Defo,Deptford Goth,"electropop, gauze pop"
3dAAlzhQiEywGIQ1ULDKNE,A Heart Like Hers,Another One,Mac DeMarco,"edmonton indie, lo-fi indie"
63h44N1oLElnzut7RxZt6Z,why are you here,why are you here,Machine Gun Kelly,"ohio hip hop, pop rap"
760IJcunfpbkm6sHbMmyyj,Wish (feat. Trippie Redd),California,Diplo,"bmore, edm, moombahton, ninja, pop, pop dance, tropical house"
2gTdDMpNxIRFSiu7HutMCg,I Think I'm OKAY (with YUNGBLUD & Travis Barker),Hotel Diablo,Machine Gun Kelly,"ohio hip hop, pop rap"
6mADjHs6FXdroPzEGW6KVJ,bloody valentine,Tickets To My Downfall,Machine Gun Kelly,"ohio hip hop, pop rap"
2YZrjrLRMfGdyue73N6BLY,Kiss & Tell,Kiss & Tell,Angels & Airwaves,"pop punk, pop rock, socal pop punk"
3FCu8Cj7RBW3iHPaRPCurl,drip bounce _ 7_24_18,Soul Trash,Toro y Moi,"alternative dance, alternative r&b, chillwave, indie pop, indie soul, indietronica, new rave, nu gaze"
23kC0iO9pb6Id9AAk0qYLE,Hold Back Your Love,Friends (Deluxe Version),White Lies,"alternative dance, dance-punk, indie rock, modern rock, new rave, rock"
413CBplTN03RNZD8H34B6q,Strangest Thing,A Deeper Understanding,The War On Drugs,"indie rock, modern rock, philly indie"
7vcDJCAO356RYkCfiUozmE,Maldito duende,Senderos De Traición - Edición Especial,Heroes Del Silencio,"latin alternative, latin rock, musica aragonesa, rock en espanol, spanish rock"
7ap5NaoYRB6TJdrhX5Fej8,Hybrid Moments - C.I. Recording 1978,The Misfits Box Set,Misfits,"horror punk, new jersey hardcore, new jersey punk, punk"
5fbQCQt91LsVgXusFS0CCD,Disorder - 2007 Remaster,Unknown Pleasures (Collector's Edition),Joy Division,"alternative rock, art rock, dance rock, madchester, new wave, post-punk, rock, uk post-punk"
7aZ1Grktl7RBHLwxem7DE7,Blowback,Imploding The Mirage,The Killers,"modern rock, permanent wave, rock"
4Vuk0wkvcchcx3dyYOCF6Q,Unspoken,Ultraviolet,Kylesa,"doom metal, double drumming, drone metal, gaian doom, post-doom metal, progressive sludge, psychedelic doom, sludge metal, stoner metal, stoner rock"
0AIgJtsiphW1Aw2Q0Kyla6,TheHollowEarth,FeelingPulledApartByHorses,Thom Yorke,"art pop, electronica, glitch pop, indie rock, modern rock, oxford indie"
2g7qRHK3sV97GlX6XpvMVs,Little Girl,"You're A Woman, I'm A Machine",Death From Above 1979,"alternative dance, alternative rock, canadian rock, dance-punk, garage rock, indie rock, indietronica, modern alternative rock, modern rock, new rave, punk blues, rock"
1EzXLdaZ2GKnlap3caeUN6,On the Edge,On the Edge,Unfound,no information
2ZJBl3HBmjRxDJOkNIGSBR,Like the Moon,Singles,Future Islands,"alternative dance, baltimore indie, chillwave, indie rock, new rave"
4zuJYkXHgE52Vo8z6Is3Ej,In Cythera,MMXII,Killing Joke,"alternative rock, dance rock, experimental, gothic rock, industrial, industrial rock, new romantic, new wave, post-punk, punk, uk post-punk"
1wKy1UGBNH8B7lTfxX4wm0,The space in between - bonus track,Welcome oblivion,How To Destroy Angels,"alternative metal, electronic rock, industrial metal, industrial rock"
2X5SHv5ubRTNIgMxxCPYdo,Ceremony,Ohms,Deftones,"alternative metal, alternative rock, nu metal, rap metal, rock, sacramento indie"
33qrQEXQJg4uk6k8fZgoOa,Phantom Bride,Gore,Deftones,"alternative metal, alternative rock, nu metal, rap metal, rock, sacramento indie"
14LzsIAHmtchvgDWalWnrB,From The Sky,Palimpsest,Protest The Hero,"canadian metal, canadian post-hardcore, djent, melodic metalcore, progressive post-hardcore"
7d3HsxVBxNWx8Q3G5UuHos,My God (feat. Weyes Blood),Imploding The Mirage,The Killers,"modern rock, permanent wave, rock"
5eR6OS3joTAHJToyzehKfu,Trouble’s Coming,Trouble’s Coming,Royal Blood,"alternative rock, brighton indie, garage rock, modern alternative rock, modern blues rock, modern hard rock, modern rock, rock"
73KkGhmS4WL1sK8kw66M04,Platitudes and Barren Words,Hexed (Deluxe Version),Children Of Bodom,"alternative metal, finnish death metal, finnish metal, melodic death metal, metal, power metal"
5gk538TP94rqrew72QPIVZ,This Road,Hexed (Deluxe Version),Children Of Bodom,"alternative metal, finnish death metal, finnish metal, melodic death metal, metal, power metal"
6JhRVfTD08oYgYnrApwgk4,Future Warrior,Palms,Palms,no information
3bqFOhXLDIlWuHMBK1ggy6,Pictures of Purple Skies,Pictures of Purple Skies,Memorex Memories,vaporwave
2yMfFk7JqIbZSxFSfmuBoU,Strange Encounters,Strange Encounters,YOUTH 83,no information
6Qs4SXO9dwPj5GKvVOv8Ki,Dancing With A Stranger (with Normani),Dancing With A Stranger (with Normani),Sam Smith,"dance pop, pop, post-teen pop, uk pop"
2yoIMKtEtb7iEAmyLdmS02,Headless,Ohms,Deftones,"alternative metal, alternative rock, nu metal, rap metal, rock, sacramento indie"
0DtUyeqJIvuOY58kqg0ZCd,This Link Is Dead,Ohms,Deftones,"alternative metal, alternative rock, nu metal, rap metal, rock, sacramento indie"
0qVlikZi9VNhMnPf47zGMv,Pompeji,Ohms,Deftones,"alternative metal, alternative rock, nu metal, rap metal, rock, sacramento indie"
6tFjBPdrwXhIpdR6i59DVx,The Spell of Mathematics,Ohms,Deftones,"alternative metal, alternative rock, nu metal, rap metal, rock, sacramento indie"
5XQPlP8yHnXz5qTjIZ10gC,Error,Ohms,Deftones,"alternative metal, alternative rock, nu metal, rap metal, rock, sacramento indie"
33WXUh74RZ4CEfUkpJwHWE,Urantia,Ohms,Deftones,"alternative metal, alternative rock, nu metal, rap metal, rock, sacramento indie"
33Mdiqg5G8TNeaKQHntgyU,Radiant City,Ohms,Deftones,"alternative metal, alternative rock, nu metal, rap metal, rock, sacramento indie"
0rcLhYRihks3t4lFPtHhQV,She's Lost Control - 2007 Remaster,Unknown Pleasures (Collector's Edition),Joy Division,"alternative rock, art rock, dance rock, madchester, new wave, post-punk, rock, uk post-punk"
6YKtSI3q8vwZizm3x2trLd,New Town Velocity,The Messenger,Johnny Marr,britpop
5mlaaeSzFsH4ouhLrUHCbw,It's Now or Never,"Elvis' Golden Records, Vol. 3",Elvis Presley,"rock-and-roll, rockabilly"
2Ao9KXt7rJqUgtlOLwbFH5,I Believe in Love,Is Everything Okay In Your World?,Yellow Days,"bedroom pop, indie garage rock"
3PZGXFLTJVNc8GS3SPrkMe,Outro (Baked in the Sunshine),Harmless Melodies,Yellow Days,"bedroom pop, indie garage rock"
2Y28HmBMyRrCgL0PTbkP7O,What's It All For?,What's It All For?,Yellow Days,"bedroom pop, indie garage rock"
3LXprYdzVPc76n9ypWTrM8,The Curse (feat. Mac Demarco),The Curse (feat. Mac Demarco),Yellow Days,"bedroom pop, indie garage rock"
0jWHVt7QkVRWCj2Sw2Ncl3,Your Hand Holding Mine,Harmless Melodies,Yellow Days,"bedroom pop, indie garage rock"
7l5j3FapCyr6HxUgoAynM2,Gap in the Clouds,Harmless Melodies,Yellow Days,"bedroom pop, indie garage rock"
6PGrkeJpDpgiFLvgKYD489,Dark Spring,7,Beach House,"art pop, baltimore indie, chillwave, dream pop, freak folk, indie pop, indie rock, modern dream pop"
15jRg8Ejs7X3JEHw38TSN3,Team,Pure Heroine (Extended),Lorde,"art pop, dance pop, electropop, metropopolis, nz pop, pop, pop dance, post-teen pop"
4pOnY9Cbr16N3w0yDkUae8,Only The Young,Flamingo,Brandon Flowers,"modern rock, vegas indie"
5Uv745RQ6uXics2lpvypZy,No One There (feat. Julian Casablancas),Last Dance,Exhibition,no information
4W7OwimGQdv3jFHDZrOCPl,Rocket,Businessmen & Ghosts,Working for a Nuclear Free City,"indietronica, nu gaze"
0CgJ1v2IDbrp4JAYeGhfYz,Range Rover Bitch,Kota,Taylor Hawkins,rock drums
3hvScxvDCQMsRHWcpjNpxM,The Love Thieves,Ultra (Deluxe),Depeche Mode,"dance rock, new romantic, new wave, permanent wave, synthpop"
2xU2QWzGunslGXtJbmYbeE,Barrel of a Gun,Ultra (Deluxe),Depeche Mode,"dance rock, new romantic, new wave, permanent wave, synthpop"
2UTqXRGegH18sRXSuOUvFa,Genesis,Genesis,Deftones,"alternative metal, alternative rock, nu metal, rap metal, rock, sacramento indie"
2E2ZVy2fxslpAUgbb4zu84,Abracadabra,Abracadabra,Steve Miller Band,"album rock, blues rock, classic rock, country rock, folk rock, hard rock, heartland rock, mellow gold, psychedelic rock, rock, roots rock, soft rock"
1kQwf18gqYF1nFQicWJL5r,Consoler Of The Lonely,Consolers of the Lonely,The Raconteurs,"alternative rock, garage rock, garage rock revival, indie rock, modern alternative rock, modern blues rock, modern rock, rock, supergroup"
6JCkmtc6yDQW1w8jh3iFqS,No Fun,The Stooges,The Stooges,"alternative rock, blues rock, classic rock, dance rock, garage rock, new wave, permanent wave, post-punk, protopunk, psychedelic rock, punk, punk blues, rock"
00sydAz6PeOxYzwG1dRIPi,Search and Destroy - Iggy Pop Mix,Raw Power,The Stooges,"alternative rock, blues rock, classic rock, dance rock, garage rock, new wave, permanent wave, post-punk, protopunk, psychedelic rock, punk, punk blues, rock"
672N8DGGTOLCOgWe0koX5g,I Wanna Be Your Dog,The Stooges,The Stooges,"alternative rock, blues rock, classic rock, dance rock, garage rock, new wave, permanent wave, post-punk, protopunk, psychedelic rock, punk, punk blues, rock"
2nnr4pYeHeshYImaTXy2QU,In the End,Worship Music,Anthrax,"album rock, alternative metal, groove metal, hard rock, metal, nu metal, old school thrash, rap metal, rock, speed metal, thrash metal"
1Vps9IVy4MXNzBNrzlkAiB,Varyags Of Miklagaard,Twilight Of The Thunder God,Amon Amarth,"alternative metal, death metal, melodic death metal, metal, power metal, swedish death metal, swedish metal, tolkien metal, viking metal"
4kOy7M6eT5kYJCZxh0c6Lh,The Rip,Third,Portishead,"chamber psych, electronica, laboratorio, trip hop"
4XJStZO25PjwMq8hlEOaDK,The Dusk in Us,The Dusk In Us,Converge,"boston hardcore, chaotic hardcore, mathcore, melodic hardcore, metalcore, post-doom metal, post-hardcore, screamo"
7IJsXawsFrWU7KC4Kr7lQy,Darker,Lost Sides,Doves,"alternative rock, britpop, chamber psych, electronica, indie rock, modern rock, new rave, rock"
0w8dULoVhTuC8x8m8PKwX7,"Of Moons, Birds & Monsters",Oracular Spectacular,MGMT,"alternative dance, indie rock, indietronica, modern rock, rock"
5xcSOCo9yd86JTXDFqpzBh,Holes - Remastered,Deserter's Songs (Deluxe Edition),Mercury Rev,"alternative rock, art pop, art rock, buffalo ny indie, chamber pop, chamber psych, indie rock, melancholia, shoegaze"
2EEinN4Zk8MUv4OQuLsTBj,Age of Consent - 2015 Remaster,Power Corruption and Lies,New Order,"art rock, dance rock, madchester, new romantic, new wave, new wave pop, permanent wave, post-punk, rock, synthpop, uk post-punk"
4ZuC5MfGjRQs3pZtPxqMYP,Shadowplay - 2007 Remaster,Unknown Pleasures (Collector's Edition),Joy Division,"alternative rock, art rock, dance rock, madchester, new wave, post-punk, rock, uk post-punk"
6wVViUl2xSRoDK2T7dMZbR,Bizarre Love Triangle,Brotherhood (Collector's Edition),New Order,"art rock, dance rock, madchester, new romantic, new wave, new wave pop, permanent wave, post-punk, rock, synthpop, uk post-punk"
1EvsBXlRgZaVzZ3unJ6yT6,Over Everything,Lotta Sea Lice,Courtney Barnett,"australian indie, indie rock, melbourne indie"
2r4cSpg6mKnb8wBBN5g5hz,Amok,AMOK,Atoms For Peace,"electronic rock, glitch pop, modern alternative rock, supergroup"
59qdWok2u5ItLGEVf008kD,Any Day Now,Asleep In The Back,Elbow,"britpop, chamber pop, chamber psych, indie rock, modern rock, rock"
4dYME2vEklDwBIYYxZ1tRx,Candidate - 2019 Digital Master,Unknown Pleasures,Joy Division,"alternative rock, art rock, dance rock, madchester, new wave, post-punk, rock, uk post-punk"
4qVqGc1ossRcBqmKCZppx9,Brief Exchange - from DC's Dark Nights: Metal Soundtrack,Brief Exchange (from DC's Dark Nights: Metal Soundtrack),Chino Moreno,sacramento indie
3Wkq6ESPYijINcm3G3bfwI,Sistinas,Danzig III: How The Gods Kill,Danzig,"alternative metal, hard rock, metal, rock"
4lRvl2PMPqavdm4Q1qNV0M,New Colossal Hate,New Colossal Hate,Lamb of God,"alternative metal, groove metal, melodic metalcore, metal, nu metal, virginia metal"
5hsq03E3do2gWhyOVV2Api,Another World,Another World,Gojira,"alternative metal, french death metal, french metal, metal, nu metal, progressive groove metal, rock"
5I29F9GR0OkaU1nuxp9hU8,Memento Mori,Lamb of God,Lamb of God,"alternative metal, groove metal, melodic metalcore, metal, nu metal, virginia metal"
01zEyqBizEZ1MDOaJ4nL4d,Let The Chaos Reign,Let The Chaos Reign,Pop Evil,"alternative metal, nu metal, post-grunge, rap rock"
4zx54sa1AiERlvrFyLMXtJ,Death Diviner,Death Diviner,Soilwork,"alternative metal, melodic death metal, melodic groove metal, melodic metalcore, metal, nu metal, swedish death metal, swedish metal"
62L8HlrCQLvBHKfpu8iqLa,Slide Away - Remastered,Definitely Maybe (Remastered),Oasis,"beatlesque, britpop, madchester, modern rock, permanent wave, rock"
01BgJEU3KP23gWD8PyoHLw,Coal Mine,Apricity,Syd Arthur,kent indie
6ypKaenmVXMCXvlkfYOpjf,Raise Your Horns,Jomsviking,Amon Amarth,"alternative metal, death metal, melodic death metal, metal, power metal, swedish death metal, swedish metal, tolkien metal, viking metal"
1ahzHj4rfljE8w4ZwpEjOM,A Little While,Harmless Melodies,Yellow Days,"bedroom pop, indie garage rock"
1amSa5xo79zINsgrpNlNge,Lotus Flower,The King Of Limbs,Radiohead,"alternative rock, art rock, melancholia, oxford indie, permanent wave, rock"
1ivW2dMacQpwAoc9olT6UJ,Ragoo,Because Of The Times,Kings of Leon,"modern rock, rock"
5vZ4IeUenK2cHub2d7yfWk,RADIO,RAMMSTEIN,Rammstein,"alternative metal, german metal, industrial, industrial metal, industrial rock, neue deutsche harte, nu metal"
526JRJ6gBGXWPCc4iZgEGp,Superhuman,Superhuman (Radio Mix),Juventa,"progressive house, progressive uplifting trance, uplifting trance"
1HfPcQ3c2HyGeID3u1lmCa,She Wolf (Falling to Pieces) [feat. Sia],Nothing but the Beat 2.0,David Guetta,"dance pop, edm, pop, pop dance, tropical house"
3lhmj5XfT5poIR5ozhiDmH,Emily,Emily,Two Friends,"edm, electropop, pop dance, pop edm, tropical house"
0W0kwHxInxC7rkIsEHFjEz,Turn The Other Way,Sounding The Seventh Trumpet,Avenged Sevenfold,"alternative metal, nu metal"
1KcOU0q9AMXV9xi4tSzzCc,Posthumous Forgiveness,The Slow Rush,Tame Impala,"australian psych, neo-psychedelic"
1s7fF5rM9oJmfpkK4OF8tu,Never Fade,Rainier Fog,Alice In Chains,"alternative metal, alternative rock, grunge, hard rock, nu metal, rock"
5n5K6czwgPvZQpMTJVZ03O,Shock Me,Purple,Baroness,"alternative metal, post-doom metal, progressive sludge, sludge metal"
2Q7xYxV504kca2EYXOrMJx,Healer,Meanderthal,Torche,"miami metal, post-doom metal, post-hardcore, post-metal, sludge metal, stoner metal, stoner rock"
0U0p8weaMIbIFMJ0CPlvHV,Sprawl II (Mountains Beyond Mountains),The Suburbs,Arcade Fire,"alternative dance, alternative rock, baroque pop, canadian indie, dance-punk, indie pop, indie rock, modern rock, new rave, permanent wave, quebec indie, rock"
